Date,Token,Type,Price,Amount,Total,Currency
2026-06-26,ETHFI,staking_reward,0,71,0.00,USD
2026-06-24,BTC,staking_reward,0,0.01,0.00,USD
2026-06-24,ETH,staking_reward,0,1,0.00,USD
2026-06-24,BTC,staking_reward,0,0.11,0.00,USD
2026-06-24,USDT,buy,0.9984,11000,10982.40,USD
2026-06-06,USDT,sell,0.9995,3000,2998.50,USD
2026-06-06,SOL,buy,60,10,600.00,USD
2026-06-05,ETHFI,buy,0.3,1000,300.00,USD
2026-05-23,ETHFI,buy,0.35,1000,350.00,USD
2026-04-29,ETHFI,buy,0.41,2000,820.00,USD
2026-04-21,USDT,sell,1.0003,2000,2000.60,USD
2026-04-21,ETHFI,buy,0.46,2000,920.00,USD
2026-03-31,HYPE,buy,36,1,36.00,USD
2026-03-30,HYPE,buy,37,1,37.00,USD
2026-03-28,HYPE,buy,38,1,38.00,USD
2026-03-25,HYPE,buy,40.75,20,815.00,USD
2026-02-12,USDT,sell,0.9997,1000,999.70,USD
2026-02-05,USDT,sell,0.9978,2000,1995.60,USD
2026-02-05,SOL,buy,78.45,10,784.50,USD
2025-12-01,USDT,sell,0.9998,2000,1999.60,USD
2025-11-21,USDT,sell,0.9993,1000,999.30,USD
2025-11-19,USDT,sell,0.9991,1000,999.10,USD
2025-11-14,USDT,sell,0.9994,150,149.91,USD
2025-10-05,USDT,buy,1,12500,12500.00,USD
2025-10-05,BTC,sell,125000,0.1,12500.00,USD
2025-08-14,USDT,buy,1,10744,10744.00,USD
2025-08-14,BTC,sell,123500,0.087,10744.50,USD
2025-07-18,ATOM,buy,0,20,0.00,USD
2025-07-18,TAO,buy,0,1,0.00,USD
2025-07-14,USDT,buy,1,12000,12000.00,USD
2025-07-14,BTC,sell,120000,0.1,12000.00,USD
2025-07-13,USDT,buy,1,11900,11900.00,USD
2025-07-13,BTC,sell,119000,0.1,11900.00,USD
2025-07-11,USDT,buy,1,11700,11700.00,USD
2025-07-11,BTC,sell,117000,0.1,11700.00,USD
2025-07-10,USDT,buy,1.0001,22000,22002.20,USD
2025-07-10,BTC,sell,115000,0.1,11500.00,USD
2025-07-10,BTC,sell,114000,0.1,11400.00,USD
2025-07-10,USDT,buy,1,10000,10000.00,USD
2025-07-10,BTC,buy,0,0.15,0.00,USD
2025-07-10,BTC,sell,113000,0.1,11300.00,USD
2025-07-10,BTC,sell,112500,0.1,11250.00,USD
2025-05-22,USDT,buy,1,33000,33000.00,USD
2025-05-22,BTC,sell,110000,0.3,33000.00,USD
2025-05-18,USDT,sell,1.0001,4663,4663.47,USD
2025-05-18,ETH,buy,2331.46,2,4662.92,USD
2025-05-18,USDT,sell,1.0001,4728,4728.47,USD
2025-05-18,ETH,buy,2363.78,2,4727.56,USD
2025-05-18,USDT,sell,1.0001,4816,4816.48,USD
2025-05-18,ETH,buy,2408.8,2,4817.60,USD
2025-05-11,USDT,buy,1.0001,25020,25022.50,USD
2025-05-11,ETH,sell,2502,10,25020.00,USD
2025-04-26,ETH,buy,0,2,0.00,USD
2025-04-09,GNO,buy,95.91,10,959.10,USD
2025-04-09,ETH,sell,1503.35,1,1503.35,USD
2025-04-09,USDT,sell,0.9995,2000,1999.00,USD
2025-04-09,NEAR,buy,1.856,500,928.00,USD
2025-04-06,USDT,buy,0.9996,4885,4883.05,USD
2025-04-06,ETH,sell,1628,3,4884.00,USD
2025-03-13,ATOM,buy,0,8,0.00,USD
2025-03-11,USDT,sell,0.9999,224,223.98,USD
2025-03-11,SOL,buy,112.41,2,224.82,USD
2025-03-10,USDT,sell,0.9994,244,243.85,USD
2025-03-10,SOL,buy,121.61,2,243.22,USD
2025-03-10,USDT,sell,0.9998,507,506.90,USD
2025-03-10,NEAR,buy,2.537,200,507.40,USD
2025-03-10,USDT,sell,0.9998,250,249.95,USD
2025-03-10,SOL,buy,125.49,2,250.98,USD
2025-03-09,USDT,sell,0.9998,255,254.95,USD
2025-03-09,SOL,buy,127.64,2,255.28,USD
2025-03-09,USDT,sell,0.9996,260,259.90,USD
2025-03-09,SOL,buy,129.85,2,259.70,USD
2025-03-04,USDT,sell,0.9992,264,263.79,USD
2025-03-04,SOL,buy,132.33,2,264.66,USD
2025-03-04,USDT,sell,0.9994,233,232.86,USD
2025-03-04,USDT,sell,0.9996,586,585.77,USD
2025-03-04,NEAR,buy,2.68,200,536.00,USD
2025-03-04,USDT,sell,0.9995,552,551.72,USD
2025-03-04,NEAR,buy,2.763,200,552.60,USD
2025-03-04,USDT,sell,0.9994,586,585.65,USD
2025-03-04,NEAR,buy,2.783,200,556.60,USD
2025-03-04,USDT,sell,0.9993,500,499.65,USD
2025-03-03,USDT,sell,0.9995,252,251.87,USD
2025-03-03,USDT,sell,0.9992,230,229.82,USD
2025-03-03,TAO,buy,0,2,0.00,USD
2025-02-25,USDT,sell,0.9987,1350,1348.25,USD
2025-02-25,SOL,buy,135,10,1350.00,USD
2025-02-25,USDT,sell,0.9987,1450,1448.12,USD
2025-02-25,SOL,buy,145,10,1450.00,USD
2025-02-18,USDT,sell,1,600,600.00,USD
2025-02-02,ATOM,buy,0,26,0.00,USD
2024-12-16,USDT,buy,0.9996,31500,31487.40,USD
2024-12-16,BTC,sell,105000,0.3,31500.00,USD
2024-12-14,USDT,buy,1.0001,1173,1173.12,USD
2024-12-14,AAVE,sell,391,3,1173.00,USD
2024-08-30,USDT,sell,0.9999,400,399.96,USD
2024-08-28,USDT,sell,1.0004,435,435.17,USD
2024-08-09,USDT,buy,1.0001,1076.96,1077.07,USD
2024-08-07,USDT,sell,1.0002,360,360.07,USD
2024-08-07,NEAR,buy,3.6,100,360.00,USD
2024-08-05,USDT,sell,1.0007,170,170.12,USD
2024-08-05,TAO,buy,170,1,170.00,USD
2024-08-05,USDT,sell,1,400,400.00,USD
2024-08-04,USDT,sell,0.9993,440,439.69,USD
2024-07-07,USDT,sell,0.9999,584,583.94,USD
2024-07-07,ATOM,buy,5.84,100,584.00,USD
2024-07-05,USDT,sell,1.0001,420,420.04,USD
2024-07-05,USDT,sell,1.0001,430,430.04,USD
2024-07-05,NEAR,buy,4.3,100,430.00,USD
2024-07-04,USDT,sell,0.9993,540,539.62,USD
2024-07-04,USDT,sell,0.9994,462,461.72,USD
2024-07-04,LINK,buy,13.2,35,462.00,USD
2024-07-04,USDT,sell,0.9995,900,899.55,USD
2024-07-04,TAO,buy,225,4,900.00,USD
2024-07-03,USDT,sell,0.999,510,509.49,USD
2024-07-03,TAO,buy,255,2,510.00,USD
2024-07-02,USDT,sell,0.9987,189,188.75,USD
2024-06-27,USDT,sell,0.9988,475,474.43,USD
2024-06-18,USDT,sell,0.9999,988,987.90,USD
2024-06-18,AAVE,buy,76.02,13,988.26,USD
2024-06-18,USDT,sell,0.9999,640,639.94,USD
2024-06-18,ATOM,buy,6.4,100,640.00,USD
2024-06-17,USDT,sell,0.9994,285,284.83,USD
2024-06-17,TAO,buy,285,1,285.00,USD
2024-06-17,USDT,sell,0.9995,290,289.86,USD
2024-06-17,TAO,buy,290,1,290.00,USD
2024-06-16,USDT,sell,0.9993,299,298.79,USD
2024-06-16,TAO,buy,299,1,299.00,USD
2024-06-14,USDT,sell,0.9995,720,719.64,USD
2024-06-11,USDT,sell,0.9996,334,333.87,USD
2024-06-11,TAO,buy,334,1,334.00,USD
2024-06-09,USDT,sell,0.9999,361,360.96,USD
2024-06-09,TAO,buy,361,1,361.00,USD
2024-06-07,USDT,sell,0.9992,387,386.69,USD
2024-06-07,USDT,sell,0.9992,763,762.39,USD
2024-06-07,USDT,sell,0.9994,350,349.79,USD
2024-06-07,TAO,buy,350,1,350.00,USD
2024-06-07,USDT,sell,0.9993,1000,999.30,USD
2024-06-01,USDT,sell,0.9991,674,673.39,USD
2024-06-01,VET,buy,0.0337,20000,674.00,USD
2024-05-23,USDT,sell,0.9996,700,699.72,USD
2024-05-23,VET,buy,0.03531,20000,706.20,USD
2024-05-14,USDT,sell,0.9994,934,933.44,USD
2024-05-14,TAO,buy,350,1,350.00,USD
2024-05-14,USDT,sell,0.9994,500,499.70,USD
2024-05-13,USDT,sell,0.9998,500,499.90,USD
2024-05-08,USDT,sell,0.9998,353,352.93,USD
2024-05-08,VET,buy,0.0353,10000,353.00,USD
2024-05-06,USDT,sell,1,180,180.00,USD
2024-05-06,VET,buy,0.03594,5000,179.70,USD
2024-05-06,USDT,sell,1.0001,182,182.02,USD
2024-05-06,VET,buy,0.0364,5000,182.00,USD
2024-05-04,USDT,sell,1.0003,1000,1000.30,USD
2024-05-04,ATOM,buy,8.685,115.14,999.99,USD
2024-05-04,USDT,buy,1.0001,16010,16011.60,USD
2024-05-04,BTC,sell,64043,0.25,16010.75,USD
2024-05-04,USDT,sell,1.0005,1000,1000.50,USD
2024-05-01,USDT,sell,0.9989,2850,2846.87,USD
2024-05-01,BTC,buy,57000,0.05,2850.00,USD
2024-05-01,USDT,sell,0.9989,5900,5893.51,USD
2024-05-01,BTC,buy,59000,0.1,5900.00,USD
2024-05-01,USDT,sell,0.9989,500,499.45,USD
2024-05-01,USDT,sell,0.9989,1000,998.90,USD
2024-04-30,USDT,sell,0.9992,1125,1124.10,USD
2024-04-30,TAO,buy,375,3,1125.00,USD
2024-04-24,USDT,buy,1.0001,522,522.05,USD
2024-04-17,USDT,sell,1.0003,6000,6001.80,USD
2024-04-17,BTC,buy,60000,0.1,6000.00,USD
2024-04-16,USDT,buy,1.0004,1500,1500.60,USD
2024-04-16,TAO,sell,500,3,1500.00,USD
2024-04-14,TAO,buy,418,1,418.00,USD
2024-04-13,USDT,sell,1.0007,500,500.35,USD
2024-04-13,NEAR,buy,5.1,98,499.80,USD
2024-04-13,USDT,sell,1.0006,500,500.30,USD
2024-04-13,USDT,sell,1.0005,500,500.25,USD
2024-04-13,USDT,sell,1.0004,25600,25610.24,USD
2024-04-13,BTC,buy,64000,0.4,25600.00,USD
2024-04-13,USDT,sell,1.0009,19500,19517.55,USD
2024-04-13,BTC,buy,65000,0.3,19500.00,USD
2024-04-13,USDT,sell,1.0001,500,500.05,USD
2024-04-12,USDT,sell,1.0003,1500,1500.45,USD
2024-04-12,USDT,buy,1.0001,87330,87338.73,USD
2024-03-30,TAO,buy,468.21,1,468.21,USD
2024-03-29,TAO,buy,509.01,1,509.01,USD
2024-03-20,SOL,buy,166.19,3,498.57,USD
2024-03-20,LINK,buy,16.56,30.22,500.44,USD
2024-03-19,NEAR,buy,6.315,15.8,99.78,USD
2024-03-12,KALIS,buy,0.1225,4077,499.43,USD
2024-03-02,NEAR,sell,4.02,24.8,99.70,USD
2024-03-01,NEAR,buy,3.98,25.1,99.90,USD
2024-02-28,NEAR,buy,3.9,128.2,499.98,USD
2024-02-06,NEAR,buy,2.736,3.6,9.85,USD
2023-11-06,NEO,buy,12.5,50,625.00,USD
2023-08-18,BTC,buy,26000,2.3,59800.00,USD
2023-08-12,CRO,buy,0.0572,18000,1029.60,USD
2023-08-12,ETH,buy,1847.61,78,144113.58,USD
2021-11-19,VET,buy,0.132,20000,2640.00,USD
2024-03-28,KALIS,sell,0.1225,4077,499.43,USD
2024-03-28,USDT,buy,1,499.4325,499.43,USD